id,item_name,price_sell_jita,price_buy_jita,sell_volume_jita,buy_volume_jita,station_price_diff_jita_%,price_sell_amarr,price_buy_amarr,sell_volume_amarr,buy_volume_amarr,station_price_diff_amarr_%,jita_to_amarr_sell_sell_%,jita_to_amarr_buy_buy_%,jita_to_amarr_sell_buy_%,jita_to_amarr_buy_sell_%
2161,Crucifier,421000.0,332000.0,1,47,21.14,212000.0,163500.0,15,49,22.88,-49.64,-50.75,-61.16,-36.14
589,Executioner,509300.0,440500.0,14,198,13.51,220000.0,100100.0,33,3,54.5,-56.8,-77.28,-80.35,-50.06
590,Inquisitor,468800.0,359800.0,5,34,23.25,325000.0,280400.0,15,57,13.72,-30.67,-22.07,-40.19,-9.67
29248,Magnate,709900.0,601400.0,1,23,15.28,497800.0,386900.0,1,249,22.28,-29.88,-35.67,-45.5,-17.23
597,Punisher,589600.0,521100.0,14,84,11.62,249500.0,90010.0,20,93,63.92,-57.68,-82.73,-84.73,-52.12
591,Tormentor,409500.0,368700.0,7,238,9.96,210000.0,170000.0,2,52,19.05,-48.72,-53.89,-58.49,-43.04
37453,Crucifier Navy Issue,9996000.0,8035000.0,1,5,19.62,9348000.0,7505000.0,12,4,19.72,-6.48,-6.6,-24.92,16.34
17703,Imperial Navy Slicer,8200000.0,7823000.0,5,1,4.6,9988000.0,7878000.0,3,3,21.13,21.8,0.7,-3.93,27.67
72907,Magnate Navy Issue,9992000.0,7517000.0,3,9,24.77,14950000.0,7510000.0,5,1,49.77,49.62,-0.09,-24.84,98.88
11393,Retribution,32090000.0,30000000.0,13,10,6.51,32900000.0,25650000.0,3,1,22.04,2.52,-14.5,-20.07,9.67
11365,Vengeance,25000000.0,22380000.0,8,39,10.48,29900000.0,24270000.0,4,3,18.83,19.6,8.45,-2.92,33.6
11188,Anathema,23610000.0,21300000.0,1,2,9.78,29480000.0,25390000.0,10,5,13.87,24.86,19.2,7.54,38.4
12038,Purifier,32420000.0,28630000.0,6,6,11.69,36340000.0,27650000.0,8,1,23.91,12.09,-3.42,-14.71,26.93
11190,Sentinel,23750000.0,17640000.0,28,1,25.73,32720000.0,23880000.0,1,2,27.02,37.77,35.37,0.55,85.49
11184,Crusader,21820000.0,18070000.0,1,8,17.19,25240000.0,20010000.0,10,2,20.72,15.67,10.74,-8.3,39.68
11186,Malediction,26690000.0,23510000.0,4,1,11.91,24930000.0,17000000.0,6,7,31.81,-6.59,-27.69,-36.31,6.04
37457,Deacon,25980000.0,22000000.0,14,6,15.32,28090000.0,20970000.0,2,3,25.35,8.12,-4.68,-19.28,27.68
582,Bantam,170000.0,109300.0,8,404,35.71,179800.0,1103.0,13,21,99.39,5.76,-98.99,-99.35,64.5
583,Condor,688500.0,510100.0,20,112,25.91,399900.0,190300.0,2,4,52.41,-41.92,-62.69,-72.36,-21.6
584,Griffin,399700.0,310100.0,2,83,22.42,391900.0,157700.0,1,5,59.76,-1.95,-49.15,-60.55,26.38
605,Heron,700000.0,630300.0,6,18,9.96,633000.0,404300.0,45,227,36.13,-9.57,-35.86,-42.24,0.43
602,Kestrel,788700.0,542900.0,19,7,31.17,348900.0,251400.0,2,13,27.94,-55.76,-53.69,-68.12,-35.73
603,Merlin,140100.0,140000.0,1,301,0.07,189700.0,145100.0,1,1,23.51,35.4,3.64,3.57,35.5
17619,Caldari Navy Hookbill,9100000.0,8274000.0,5,6,9.08,14500000.0,9344000.0,1,1,35.56,59.34,12.93,2.68,75.25
37455,Griffin Navy Issue,9695000.0,7443000.0,1,5,23.23,11290000.0,8000000.0,3,7,29.14,16.45,7.48,-17.48,51.69
72904,Heron Navy Issue,9000000.0,6766000.0,1,20,24.82,12380000.0,7020000.0,1,2,43.3,37.56,3.75,-22.0,82.97
11381,Harpy,29400000.0,25380000.0,29,4,13.67,28430000.0,25440000.0,2,2,10.52,-3.3,0.24,-13.47,12.02
11379,Hawk,32000000.0,30030000.0,3,1,6.16,49300000.0,27830000.0,6,2,43.55,54.06,-7.33,-13.03,64.17
11192,Buzzard,24500000.0,22150000.0,1,5,9.59,29970000.0,25010000.0,24,1,16.55,22.33,12.91,2.08,35.3
12032,Manticore,29000000.0,26130000.0,4,4,9.9,29000000.0,26870000.0,1,2,7.34,0.0,2.83,-7.34,10.98
11194,Kitsune,23950000.0,20940000.0,23,5,12.57,21870000.0,3251000.0,1,9,85.13,-8.68,-84.47,-86.43,4.44
11176,Crow,23970000.0,21290000.0,2,5,11.18,23770000.0,18770000.0,5,1,21.03,-0.83,-11.84,-21.69,11.65
11178,Raptor,21850000.0,19670000.0,1,1,9.98,21000000.0,19000000.0,3,1,9.52,-3.89,-3.41,-13.04,6.76
37458,Kirin,26770000.0,20460000.0,1,1,23.57,23990000.0,16990000.0,2,1,29.18,-10.38,-16.96,-36.53,17.25
608,Atron,570500.0,417200.0,4,121,26.87,794800.0,278300.0,1,8,64.98,39.32,-33.29,-51.22,90.51
607,Imicus,680000.0,615200.0,16,22,9.53,947700.0,584900.0,9,5,38.28,39.37,-4.93,-13.99,54.05
594,Incursus,240200.0,185000.0,3,31,22.98,220300.0,120200.0,1,1,45.44,-8.28,-35.03,-49.96,19.08
609,Maulus,314400.0,162400.0,4,1,48.35,204500.0,140100.0,16,65,31.49,-34.96,-13.73,-55.44,25.92
592,Navitas,268500.0,50870.0,51,12,81.05,220000.0,77100.0,4,1,64.95,-18.06,51.56,-71.28,332.47
593,Tristan,607500.0,507400.0,29,1,16.48,584900.0,221500.0,3,39,62.13,-3.72,-56.35,-63.54,15.27
17841,Federation Navy Comet,9394000.0,8377000.0,3,6,10.83,10900000.0,8550000.0,9,4,21.56,16.03,2.07,-8.98,30.12
72913,Imicus Navy Issue,9643000.0,7534000.0,7,3,21.87,16470000.0,8007000.0,5,2,51.38,70.8,6.28,-16.97,118.61
37456,Maulus Navy Issue,9794000.0,8150000.0,6,9,16.79,10410000.0,5425000.0,4,3,47.89,6.29,-33.44,-44.61,27.73
12044,Enyo,28640000.0,26110000.0,8,2,8.83,26740000.0,20020000.0,3,3,25.13,-6.63,-23.32,-30.1,2.41
12042,Ishkur,24820000.0,24810000.0,57,35,0.04,24310000.0,22870000.0,1,3,5.92,-2.05,-7.82,-7.86,-2.02
11172,Helios,26400000.0,23310000.0,11,3,11.7,24000000.0,20660000.0,3,2,13.92,-9.09,-11.37,-21.74,2.96
11377,Nemesis,26980000.0,21070000.0,1,5,21.91,23890000.0,17580000.0,2,1,26.41,-11.45,-16.56,-34.84,13.38
11174,Keres,22030000.0,20050000.0,1,20,8.99,25950000.0,16980000.0,3,1,34.57,17.79,-15.31,-22.92,29.43
11202,Ares,19500000.0,16240000.0,1,5,16.72,20950000.0,14910000.0,5,3,28.83,7.44,-8.19,-23.54,29.0
11200,Taranis,20000000.0,15600000.0,1,5,22.0,17890000.0,15720000.0,1,1,12.13,-10.55,0.77,-21.4,14.68
37459,Thalia,17460000.0,13000000.0,10,1,25.54,21710000.0,16690000.0,4,2,23.12,24.34,28.38,-4.41,67.0
598,Breacher,593800.0,470000.0,29,120,20.85,517400.0,131800.0,8,84,74.53,-12.87,-71.96,-77.8,10.09
599,Burst,246500.0,106500.0,1,4,56.8,251000.0,101.1,3,22,99.96,1.83,-99.91,-99.96,135.68
586,Probe,697500.0,465200.0,7,1,33.3,789400.0,341200.0,20,2,56.78,13.18,-26.66,-51.08,69.69
587,Rifter,423900.0,381500.0,10,88,10.0,314800.0,50000.0,64,15,84.12,-25.74,-86.89,-88.2,-17.48
585,Slasher,649400.0,564900.0,14,5,13.01,343400.0,191900.0,5,8,44.12,-47.12,-66.03,-70.45,-39.21
3766,Vigil,465900.0,407500.0,1,7,12.53,375000.0,200300.0,9,5,46.59,-19.51,-50.85,-57.01,-7.98
72903,Probe Fleet Issue,7986000.0,5044000.0,17,5,36.84,10990000.0,5005000.0,1,2,54.46,37.62,-0.77,-37.33,117.88
17812,Republic Fleet Firetain,8730000.0,7575000.0,7,1,13.23,9607000.0,6750000.0,3,8,29.74,10.05,-10.89,-22.68,26.83
37454,Vigil Fleet Issue,8330000.0,8055000.0,27,12,3.3,10470000.0,5245000.0,1,7,49.9,25.69,-34.89,-37.03,29.98
11400,Jaguar,29910000.0,25450000.0,9,6,14.91,27170000.0,24000000.0,5,3,11.67,-9.16,-5.7,-19.76,6.76
11371,Wolf,29700000.0,25190000.0,1,4,15.19,34000000.0,27050000.0,3,1,20.44,14.48,7.38,-8.92,34.97
11182,Cheetah,21450000.0,17770000.0,2,1,17.16,33440000.0,23080000.0,1,2,30.98,55.9,29.88,7.6,88.18
12034,Hound,22780000.0,22770000.0,1,4,0.04,25770000.0,19780000.0,1,1,23.24,13.13,-13.13,-13.17,13.18
11387,Hyena,21950000.0,19280000.0,62,7,12.16,25890000.0,17770000.0,4,2,31.36,17.95,-7.83,-19.04,34.28
11196,Claw,18980000.0,15130000.0,3,3,20.28,20570000.0,17020000.0,1,1,17.26,8.38,12.49,-10.33,35.96
11198,Stiletto,23620000.0,21970000.0,4,7,6.99,35350000.0,25910000.0,1,2,26.7,49.66,17.93,9.7,60.9
37460,Scalpel,18490000.0,15680000.0,4,5,15.2,21400000.0,13000000.0,1,1,39.25,15.74,-17.09,-29.69,36.48
47269,Damavik,19710000.0,17260000.0,2,6,12.43,21990000.0,15400000.0,1,3,29.97,11.57,-10.78,-21.87,27.4
52250,Nergal,144300000.0,119300000.0,13,2,17.33,170400000.0,100000000.0,1,1,41.31,18.09,-16.18,-30.7,42.83
54731,Skybreaker,94990000.0,86310000.0,1,3,9.14,119700000.0,85670000.0,1,1,28.43,26.01,-0.74,-9.81,38.69
33468,Astero,87990000.0,81580000.0,8,1,7.28,109900000.0,90150000.0,1,8,17.97,24.9,10.51,2.45,34.71
17926,Cruor,123600000.0,73540000.0,1,1,40.5,,54010000.0,0,1,,,-26.56,-56.3,
17928,Daredevil,128700000.0,98180000.0,1,2,23.71,119800000.0,85860000.0,1,2,28.33,-6.92,-12.55,-33.29,22.02
17932,Dramiel,79250000.0,63200000.0,10,5,20.25,71500000.0,61610000.0,2,1,13.83,-9.78,-2.52,-22.26,13.13
33816,Garmur,97950000.0,83090000.0,3,1,15.17,130100000.0,56000000.0,1,3,56.96,32.82,-32.6,-42.83,56.58
17924,Succubus,127600000.0,112700000.0,1,1,11.68,127900000.0,97280000.0,1,1,23.94,0.24,-13.68,-23.76,13.49
17930,Worm,62320000.0,57110000.0,1,1,8.36,65080000.0,61150000.0,13,1,6.04,4.43,7.07,-1.88,13.96
3532,Echelon,103000000.0,43820000.0,2,5,57.46,54480000.0,35010000.0,50,1,35.74,-47.11,-20.1,-66.01,24.33
11940,Gold Magnate,,9020000.0,0,1,,,1111000.0,0,1,,,-87.68,,
77114,Methamorphosis,54850000.0,41020000.0,1,2,25.21,44970000.0,21430000.0,2,1,52.35,-18.01,-47.76,-60.93,9.63
11942,Silver Magnate,,9030000.0,0,1,,,1111000.0,0,1,,,-87.7,,
2078,Zephyr,162000000.0,133400000.0,1,5,17.65,199900000.0,93930000.0,1,1,53.01,23.4,-29.59,-42.02,49.85
32880,Venture,416700.0,365100.0,21,50,12.38,321000.0,258500.0,85,6,19.47,-22.97,-29.2,-37.96,-12.08
37135,Endurance,19820000.0,17810000.0,2,3,10.14,21890000.0,18250000.0,1,1,16.63,10.44,2.47,-7.92,22.91
33697,Prospect,20850000.0,19460000.0,2,2,6.67,25730000.0,20890000.0,1,8,18.81,23.41,7.35,0.19,32.22
17476,Covetor,58420000.0,53610000.0,18,3,8.23,60350000.0,54000000.0,1,1,10.52,3.3,0.73,-7.57,12.57
17480,Procurer,50980000.0,45140000.0,1,2,11.46,50000000.0,40980000.0,16,4,18.04,-1.92,-9.22,-19.62,10.77
17478,Retriever,56790000.0,46600000.0,1,4,17.94,59850000.0,54210000.0,6,1,9.42,5.39,16.33,-4.54,28.43
22544,Hulk,274600000.0,250300000.0,1,3,8.85,312300000.0,272000000.0,4,1,12.9,13.73,8.67,-0.95,24.77
22548,Mackinaw,294000000.0,270400000.0,2,1,8.03,315000000.0,285000000.0,1,1,9.52,7.14,5.4,-3.06,16.49
22546,Skiff,263500000.0,239500000.0,1,5,9.11,280200000.0,205200000.0,2,2,26.77,6.34,-14.32,-22.13,16.99
2998,Noctis,140900000.0,125200000.0,1,2,11.14,140300000.0,103100000.0,1,1,26.51,-0.43,-17.65,-26.83,12.06
28606,Orca,2007000000.0,1875000000.0,1,2,6.58,2151000000.0,1888000000.0,1,1,12.23,7.17,0.69,-5.93,14.72
42244,Porpoise,131400000.0,122500000.0,1,1,6.77,124900000.0,119200000.0,4,1,4.56,-4.95,-2.69,-9.28,1.96
1944,Bestower,3117000.0,2742000.0,47,2,12.03,2999000.0,2222000.0,87,6,25.91,-3.79,-18.96,-28.71,9.37
19744,Sigil,4336000.0,3228000.0,4,1,25.55,1165000.0,572200.0,45,5,50.88,-73.13,-82.27,-86.8,-63.91
12753,Impel,235100000.0,201000000.0,1,1,14.5,239600000.0,185300000.0,1,1,22.66,1.91,-7.81,-21.18,19.2
12733,Prorator,126500000.0,116800000.0,1,5,7.67,158900000.0,90350000.0,1,2,43.14,25.61,-22.65,-28.58,36.04
648,Badger,701700.0,624600.0,5,35,10.99,1899000.0,1406000.0,10,7,25.96,170.63,125.1,100.37,204.03
649,Tayra,3273000.0,2803000.0,9,8,14.36,3900000.0,2803000.0,1,10,28.13,19.16,0.0,-14.36,39.14
12731,Bustard,218200000.0,191800000.0,1,1,12.1,254600000.0,204200000.0,1,2,19.8,16.68,6.47,-6.42,32.74
12729,Crane,216300000.0,161600000.0,1,1,25.29,188900000.0,150100000.0,1,3,20.54,-12.67,-7.12,-30.61,16.89
655,Epithal,3149000.0,2788000.0,3,3,11.46,3449000.0,2194000.0,7,4,36.39,9.53,-21.31,-30.33,23.71
657,Iteron Mark V,2993000.0,2669000.0,10,9,10.83,3090000.0,2217000.0,11,27,28.25,3.24,-16.94,-25.93,15.77
654,Kryos,3440000.0,2457000.0,1,2,28.58,3034000.0,2002000.0,3,5,34.01,-11.8,-18.52,-41.8,23.48
656,Miasmos,3300000.0,2729000.0,17,2,17.3,3098000.0,1926000.0,3,1,37.83,-6.12,-29.42,-41.64,13.52
650,Nereus,2345000.0,1868000.0,1,1,20.34,3147000.0,1312000.0,2,5,58.31,34.2,-29.76,-44.05,68.47
12745,Occator,198700000.0,183000000.0,1,1,7.9,214800000.0,176800000.0,1,1,17.69,8.1,-3.39,-11.02,17.38
12743,Viator,139700000.0,127800000.0,1,3,8.52,152100000.0,140000000.0,2,1,7.96,8.88,9.55,0.21,19.01
651,Hoarder,2966000.0,2853000.0,5,6,3.81,3190000.0,2512000.0,73,7,21.25,7.55,-11.95,-15.31,11.81
652,Mammoth,2897000.0,2482000.0,9,14,14.33,3448000.0,2009000.0,2,5,41.73,19.02,-19.06,-30.65,38.92
653,Wreathe,2537000.0,1615000.0,1,20,36.34,3500000.0,1000000.0,1,1,71.43,37.96,-38.08,-60.58,116.72
12747,Mastodon,202500000.0,186000000.0,1,1,8.15,209800000.0,192800000.0,1,1,8.1,3.6,3.66,-4.79,12.8
12735,Prowler,148000000.0,122900000.0,1,1,16.96,172900000.0,125000000.0,3,1,27.7,16.82,1.71,-15.54,40.68
16236,Coercer,1750000.0,1357000.0,2,10,22.46,778900.0,605900.0,6,67,22.21,-55.49,-55.35,-65.38,-42.6
73789,Coercer Navy Issue,17500000.0,15920000.0,6,1,9.03,17650000.0,12960000.0,18,1,26.57,0.86,-18.59,-25.94,10.87
32874,Dragoon,1300000.0,1104000.0,2,6,15.08,1110000.0,826400.0,12,5,25.55,-14.62,-25.14,-36.43,0.54
37481,Pontifex,49990000.0,44000000.0,3,1,11.98,66570000.0,42960000.0,1,1,35.47,33.17,-2.36,-14.06,51.3
22452,Heretic,51390000.0,47630000.0,8,5,7.32,51000000.0,35110000.0,1,8,31.16,-0.76,-26.29,-31.68,7.08
34317,Confessor,79280000.0,75170000.0,22,3,5.18,106500000.0,81290000.0,5,2,23.67,34.33,8.14,2.54,41.68
32876,Corax,1250000.0,1114000.0,2,19,10.88,1447000.0,952800.0,3,4,34.15,15.76,-14.47,-23.78,29.89
16238,Cormorant,773200.0,715400.0,8,489,7.48,875000.0,699900.0,1,4,20.01,13.17,-2.17,-9.48,22.31
73795,Cormorant Navy Issue,19090000.0,17000000.0,2,1,10.95,28140000.0,17430000.0,1,1,38.06,47.41,2.53,-8.7,65.53
37482,Stork,50980000.0,45430000.0,9,2,10.89,63020000.0,47250000.0,1,1,25.02,23.62,4.01,-7.32,38.72
22464,Flycatcher,58830000.0,54110000.0,3,1,8.02,61590000.0,50930000.0,2,5,17.31,4.69,-5.88,-13.43,13.82
34828,Jackdaw,75440000.0,70020000.0,14,1,7.18,86800000.0,68560000.0,7,1,21.01,15.06,-2.09,-9.12,23.96
32872,Algos,1656000.0,1318000.0,10,58,20.41,1247000.0,813400.0,71,4,34.77,-24.7,-38.29,-50.88,-5.39
16240,Catalyst,1383000.0,1270000.0,14,3,8.17,1548000.0,850600.0,1,8,45.05,11.93,-33.02,-38.5,21.89
73796,Catalyst Navy Issue,21300000.0,18390000.0,5,10,13.66,31900000.0,14120000.0,3,7,55.74,49.77,-23.22,-33.71,73.46
37483,Magus,55030000.0,51040000.0,12,2,7.25,63220000.0,49700000.0,2,1,21.39,14.88,-2.63,-9.69,23.86
22460,Eris,53790000.0,53760000.0,7,2,0.06,64000000.0,55320000.0,1,1,13.56,18.98,2.9,2.84,19.05
35683,Hecate,89930000.0,76020000.0,33,3,15.47,92970000.0,80990000.0,1,1,12.89,3.38,6.54,-9.94,22.3
32878,Talwar,1393000.0,1228000.0,10,4,11.84,995000.0,171200.0,1,19,82.79,-28.57,-86.06,-87.71,-18.97
16242,Thrasher,1399000.0,1237000.0,7,17,11.58,924000.0,828700.0,6,13,10.31,-33.95,-33.01,-40.76,-25.3
73794,Thrasher Fleet Issue,18120000.0,15720000.0,9,10,13.25,21080000.0,11130000.0,1,1,47.2,16.34,-29.2,-38.58,34.1
37480,Bifrost,58960000.0,49130000.0,10,1,16.67,55220000.0,36800000.0,2,8,33.36,-6.34,-25.1,-37.58,12.4
22456,Sabre,52430000.0,50000000.0,8,91,4.63,59690000.0,49960000.0,5,4,16.3,13.85,-0.08,-4.71,19.38
34562,Spivul,71880000.0,66890000.0,18,3,6.94,88670000.0,62290000.0,1,1,29.75,23.36,-6.88,-13.34,32.56
49710,Kikimora,31720000.0,29170000.0,13,5,8.04,31520000.0,25520000.0,8,9,19.04,-0.63,-12.51,-19.55,8.06
52254,Draugur,232400000.0,210000000.0,1,2,9.64,284800000.0,232000000.0,1,1,18.54,22.55,10.48,-0.17,35.62
42685,Sunesis,20860000.0,19160000.0,2,4,8.15,22140000.0,18340000.0,1,2,17.16,6.14,-4.28,-12.08,15.55
628,Arbitrator,10500000.0,9646000.0,3,6,8.13,9799000.0,5101000.0,5,2,47.94,-6.68,-47.12,-51.42,1.59
625,Augoror,9622000.0,9620000.0,2,3,0.02,11000000.0,9751000.0,19,5,11.35,14.32,1.36,1.34,14.35
624,Maller,13060000.0,13050000.0,1,7,0.08,14150000.0,9251000.0,1,1,34.62,8.35,-29.11,-29.17,8.43
2006,Omen,13380000.0,12220000.0,4,7,8.67,12680000.0,9706000.0,100,4,23.45,-5.23,-20.57,-27.46,3.76
29337,Augoror Navy Issue,45900000.0,40160000.0,9,7,12.51,47000000.0,35870000.0,5,2,23.68,2.4,-10.68,-21.85,17.03
17709,Omen Navy Issue,47290000.0,40440000.0,3,5,14.49,44170000.0,37110000.0,2,1,15.98,-6.6,-8.23,-21.53,9.22
12019,Sacrilege,215400000.0,185800000.0,10,1,13.74,243600000.0,225000000.0,2,1,7.64,13.09,21.1,4.46,31.11
12003,Zealot,198400000.0,179100000.0,2,1,9.73,195200000.0,169300000.0,1,1,13.27,-1.61,-5.47,-14.67,8.99
12017,Devoter,320400000.0,262400000.0,2,1,18.1,299000000.0,262800000.0,2,1,12.11,-6.68,0.15,-17.98,13.95
11987,Guardian,165400000.0,154300000.0,11,1,6.71,186000000.0,142700000.0,1,1,23.28,12.45,-7.52,-13.72,20.54
20125,Curse,208500000.0,192700000.0,3,1,7.58,211800000.0,191100000.0,1,2,9.77,1.58,-0.83,-8.35,9.91
11965,Pilgrim,195700000.0,190700000.0,1,2,2.55,213900000.0,156500000.0,1,1,26.83,9.3,-17.93,-20.03,12.17
29986,Legion,225700000.0,212000000.0,6,4,6.07,243500000.0,221100000.0,1,1,9.2,7.89,4.29,-2.04,14.86
632,Blackbird,11070000.0,9277000.0,3,1,16.2,10280000.0,4150000.0,1,2,59.63,-7.14,-55.27,-62.51,10.81
621,Caracal,13340000.0,12370000.0,2,1,7.27,9950000.0,8227000.0,3,14,17.32,-25.41,-33.49,-38.33,-19.56
623,Moa,13710000.0,12670000.0,10,2,7.59,13730000.0,10450000.0,3,5,23.89,0.15,-17.52,-23.78,8.37
620,Osprey,10800000.0,9642000.0,9,4,10.72,11860000.0,9791000.0,21,10,17.45,9.81,1.55,-9.34,23.0
17634,Caracal Navy Issue,46710000.0,41730000.0,2,2,10.66,50080000.0,46120000.0,1,1,7.91,7.21,10.52,-1.26,20.01
29340,Osprey Navy Issue,44000000.0,41230000.0,1,3,6.3,52020000.0,46180000.0,2,1,11.23,18.23,12.01,4.95,26.17
11993,Cerberus,207000000.0,190200000.0,1,1,8.12,199200000.0,169700000.0,2,1,14.81,-3.77,-10.78,-18.02,4.73
12011,Eagle,176000000.0,158500000.0,2,5,9.94,189000000.0,144800000.0,1,1,23.39,7.39,-8.64,-17.73,19.24
11995,Onyx,291200000.0,263000000.0,1,3,9.68,360000000.0,296700000.0,1,1,17.58,23.63,12.81,1.89,36.88
11985,Basilisk,163500000.0,151400000.0,1,1,7.4,170000000.0,131200000.0,6,1,22.82,3.98,-13.34,-19.76,12.29
11957,Falcon,191800000.0,177000000.0,2,1,7.72,217000000.0,187200000.0,1,2,13.73,13.14,5.76,-2.4,22.6
11959,Rook,199900000.0,176200000.0,2,2,11.86,202700000.0,161400000.0,1,1,20.37,1.4,-8.4,-19.26,15.04
29984,Tengu,236400000.0,219400000.0,2,1,7.19,243800000.0,218100000.0,1,1,10.54,3.13,-0.59,-7.74,11.12
633,Celestis,13440000.0,11060000.0,1,1,17.71,10130000.0,6430000.0,2,1,36.53,-24.63,-41.86,-52.16,-8.41
634,Exequror,10500000.0,9728000.0,136,5,7.35,13920000.0,9062000.0,5,1,34.9,32.57,-6.85,-13.7,43.09
627,Thorax,12250000.0,12240000.0,1,4,0.08,11700000.0,8604000.0,2,1,26.46,-4.49,-29.71,-29.76,-4.41
626,Vexor,12910000.0,12880000.0,1,40,0.23,12990000.0,10120000.0,6,5,22.09,0.62,-21.43,-21.61,0.85
29344,Exequror Navy Issue,48100000.0,43540000.0,9,5,9.48,52020000.0,44940000.0,5,1,13.61,8.15,3.22,-6.57,19.48
17843,Vexor Navy Issue,47930000.0,44150000.0,5,2,7.89,48950000.0,34600000.0,3,6,29.32,2.13,-21.63,-27.81,10.87
12023,Deimos,186900000.0,169200000.0,16,1,9.47,201800000.0,171300000.0,1,1,15.11,7.97,1.24,-8.35,19.27
12005,Ishtar,202800000.0,192800000.0,1,3,4.93,248000000.0,194900000.0,1,1,21.41,22.29,1.09,-3.9,28.63
12021,Phobos,285500000.0,258400000.0,6,1,9.49,313900000.0,293100000.0,2,1,6.63,9.95,13.43,2.66,21.48
11989,Oneiros,186200000.0,170200000.0,1,1,8.59,197600000.0,168800000.0,1,1,14.57,6.12,-0.82,-9.34,16.1
11969,Arazu,205900000.0,190500000.0,7,1,7.48,238100000.0,197600000.0,1,2,17.01,15.64,3.73,-4.03,24.99
11971,Lacesis,196300000.0,178100000.0,1,1,9.27,194600000.0,168100000.0,1,1,13.62,-0.87,-5.61,-14.37,9.26
29988,Proteus,246100000.0,221600000.0,2,3,9.96,259200000.0,240700000.0,1,2,7.14,5.32,8.62,-2.19,16.97
630,Bellicose,14740000.0,13370000.0,3,1,9.29,14920000.0,9130000.0,1,1,38.81,1.22,-31.71,-38.06,11.59
629,Rupture,13080000.0,10900000.0,5,1,16.67,10910000.0,8767000.0,1,1,19.64,-16.59,-19.57,-32.97,0.09
631,Scythe,9106000.0,9105000.0,2,6,0.01,9797000.0,3500000.0,2,1,64.27,7.59,-61.56,-61.56,7.6
622,Stabber,16000000.0,14560000.0,3,2,9.0,12690000.0,8783000.0,1,1,30.79,-20.69,-39.68,-45.11,-12.84
29336,Scythe Navy Issue,45470000.0,42080000.0,14,2,7.46,46190000.0,42210000.0,2,1,8.62,1.58,0.31,-7.17,9.77
17713,Stabber Navy Issue,45200000.0,40000000.0,4,2,11.5,55540000.0,40780000.0,1,5,26.58,22.88,1.95,-9.78,38.85
12015,Muninn,174300000.0,159300000.0,1,1,8.61,200000000.0,171300000.0,13,1,14.35,14.74,7.53,-1.72,25.55
11999,Vagabond,222700000.0,195200000.0,5,1,12.35,208200000.0,176600000.0,2,1,15.18,-6.51,-9.53,-20.7,6.66
12013,Broadsword,325000000.0,269300000.0,1,1,17.14,290000000.0,246100000.0,1,1,15.14,-10.77,-8.61,-24.28,7.69
11978,Scimitar,173700000.0,161800000.0,1,1,6.85,181600000.0,131500000.0,12,2,27.59,4.55,-18.73,-24.29,12.24
11961,Huginn,196400000.0,179400000.0,1,1,8.66,200000000.0,177100000.0,2,1,11.45,1.83,-1.28,-9.83,11.48
11963,Rapier,192600000.0,179600000.0,2,1,6.75,213700000.0,177900000.0,2,2,16.75,10.96,-0.95,-7.63,18.99
29990,Loki,249900000.0,226200000.0,2,1,9.48,274900000.0,202400000.0,1,4,26.37,10.0,-10.52,-19.01,21.53
54732,Stormbringer,381400000.0,342700000.0,1,1,10.15,458900000.0,386100000.0,1,1,15.86,20.32,12.66,1.23,33.91
52252,Ikitursa,368900000.0,353000000.0,5,1,4.31,439900000.0,376700000.0,2,1,14.37,19.25,6.71,2.11,24.62
49713,Zarmazd,339300000.0,297000000.0,2,1,12.47,390300000.0,271500000.0,1,1,30.44,15.03,-8.59,-19.98,31.41
49712,Rodiva,51310000.0,46930000.0,2,3,8.54,47930000.0,25080000.0,1,1,47.67,-6.59,-46.56,-51.12,2.13
47270,Vedmak,80170000.0,74500000.0,1,1,7.07,85970000.0,77070000.0,1,1,10.35,7.23,3.45,-3.87,15.4
17922,Ashimmu,205000000.0,182000000.0,1,5,11.22,205000000.0,154800000.0,1,1,24.49,0.0,-14.95,-24.49,12.64
17720,Cynabal,214600000.0,200000000.0,1,1,6.8,249800000.0,201100000.0,1,1,19.5,16.4,0.55,-6.29,24.9
17715,Gila,205800000.0,200800000.0,1,9,2.43,247000000.0,219700000.0,1,1,11.05,20.02,9.41,6.75,23.01
33818,Orthus,289700000.0,255300000.0,2,2,11.87,427000000.0,250400000.0,1,1,41.36,47.39,-1.92,-13.57,67.25
17718,Phantasm,268000000.0,245600000.0,1,1,8.36,257800000.0,228500000.0,1,1,11.37,-3.81,-6.96,-14.74,4.97
33470,Stratios,247800000.0,227300000.0,1,1,8.27,279900000.0,233500000.0,2,1,16.58,12.95,2.73,-5.77,23.14
17722,Vigilant,292700000.0,257500000.0,1,1,12.03,299800000.0,246500000.0,1,1,17.78,2.43,-4.27,-15.78,16.43
45534,Monitor,415300000.0,301900000.0,5,1,27.31,575000000.0,300400000.0,1,2,47.76,38.45,-0.5,-27.67,90.46
34590,Victorieux Luxury Yacht,321000000.0,297900000.0,3,2,7.2,322900000.0,270700000.0,1,1,16.17,0.59,-9.13,-15.67,8.39
24696,Harbinger,51100000.0,51090000.0,7,3,0.02,58490000.0,53230000.0,1,1,8.99,14.46,4.19,4.17,14.48
33155,Habinger Navy Issue,142000000.0,126400000.0,1,3,10.99,157800000.0,123300000.0,1,1,21.86,11.13,-2.45,-13.17,24.84
4302,Oracle,76720000.0,67280000.0,2,3,12.3,75090000.0,65010000.0,2,3,13.42,-2.12,-3.37,-15.26,11.61
16233,Prophecy,58950000.0,53540000.0,1,8,9.18,56770000.0,45100000.0,4,7,20.56,-3.7,-15.76,-23.49,6.03
72872,Prophecy Navy Issue,136400000.0,123800000.0,1,1,9.24,161000000.0,121800000.0,3,1,24.35,18.04,-1.62,-10.7,30.05
22448,Absolution,381500000.0,323900000.0,1,1,15.1,409100000.0,329500000.0,1,1,19.46,7.23,1.73,-13.63,26.3
22474,Damnation,395000000.0,349400000.0,7,2,11.54,364900000.0,238200000.0,2,1,34.72,-7.62,-31.83,-39.7,4.44
24698,Drake,54910000.0,49500000.0,10,2,9.85,57640000.0,46430000.0,2,1,19.45,4.97,-6.2,-15.44,16.44
33153,Drake Navy Issue,132000000.0,125100000.0,1,6,5.23,168700000.0,140200000.0,5,1,16.89,27.8,12.07,6.21,34.85
16227,Ferox,55640000.0,50330000.0,1,19,9.54,59990000.0,42790000.0,1,3,28.67,7.82,-14.98,-23.09,19.19
72812,Ferox Navy Issue,143800000.0,129400000.0,2,3,10.01,167300000.0,120300000.0,1,1,28.09,16.34,-7.03,-16.34,29.29
4306,Naga,81310000.0,73710000.0,3,1,9.35,77000000.0,73100000.0,1,1,5.06,-5.3,-0.83,-10.1,4.46
22470,Nighthawk,379700000.0,337600000.0,2,1,11.09,351900000.0,308100000.0,3,1,12.45,-7.32,-8.74,-18.86,4.24
22446,Vulture,367500000.0,330300000.0,2,1,10.12,400300000.0,341700000.0,1,1,14.64,8.93,3.45,-7.02,21.19
16229,Brutix,57480000.0,52610000.0,1,2,8.47,55230000.0,46040000.0,1,1,16.64,-3.91,-12.49,-19.9,4.98
33151,Brutix Navy Issue,145000000.0,135300000.0,1,4,6.69,169600000.0,136400000.0,1,1,19.58,16.97,0.81,-5.93,25.35
24700,Myrmidon,56130000.0,56110000.0,3,4,0.04,53380000.0,42810000.0,2,1,19.8,-4.9,-23.7,-23.73,-4.87
72869,Myrmidon Navy Issue,131100000.0,118600000.0,1,1,9.53,161300000.0,133400000.0,3,3,17.3,23.04,12.48,1.75,36.0
4308,Talos,78450000.0,70220000.0,5,2,10.49,66700000.0,56050000.0,1,1,15.97,-14.98,-20.18,-28.55,-5.01
22466,Astarte,406700000.0,372700000.0,1,1,8.36,377000000.0,289800000.0,1,1,23.13,-7.3,-22.24,-28.74,1.15
22442,Eos,352200000.0,325200000.0,1,1,7.67,435700000.0,360100000.0,1,1,17.35,23.71,10.73,2.24,33.98
16231,Cyclone,61420000.0,56290000.0,2,2,8.35,51380000.0,40000000.0,1,1,22.15,-16.35,-28.94,-34.87,-8.72
72811,Cyclone Navy Issue,136800000.0,128800000.0,3,50,5.85,150000000.0,123200000.0,1,5,17.87,9.65,-4.35,-9.94,16.46
24702,Hurricane,57300000.0,52560000.0,1,12,8.27,49240000.0,42070000.0,1,4,14.56,-14.07,-19.96,-26.58,-6.32
33157,Hurricane Navy Issue,142700000.0,135500000.0,10,3,5.05,133700000.0,123500000.0,1,1,7.63,-6.31,-8.86,-13.45,-1.33
4310,Tornado,76930000.0,69760000.0,22,4,9.32,68970000.0,56610000.0,1,1,17.92,-10.35,-18.85,-26.41,-1.13
22468,Claymore,372600000.0,341500000.0,1,1,8.35,343200000.0,314900000.0,1,1,8.25,-7.89,-7.79,-15.49,0.5
22444,Sleipnir,372000000.0,330300000.0,2,1,11.21,338500000.0,250000000.0,1,1,26.14,-9.01,-24.31,-32.8,2.48
49711,Drekavac,178800000.0,166500000.0,5,1,6.88,202900000.0,180000000.0,1,1,11.29,13.48,8.11,0.67,21.86
3756,Gnosis,39980000.0,36300000.0,1,17,9.2,37360000.0,32800000.0,1,1,12.21,-6.55,-9.64,-17.96,2.92
24692,Abaddon,308000000.0,274100000.0,1,1,11.01,355000000.0,330000000.0,1,1,7.04,15.26,20.39,7.14,29.51
642,Apocalypse,304900000.0,275000000.0,1,1,9.81,341100000.0,292200000.0,1,1,14.34,11.87,6.25,-4.17,24.04
17726,Apocalypse Navy Issue,553600000.0,495100000.0,1,1,10.57,529000000.0,468500000.0,1,1,11.44,-4.44,-5.37,-15.37,6.85
643,Armageddon,350000000.0,313100000.0,1,1,10.54,358700000.0,313600000.0,1,1,12.57,2.49,0.16,-10.4,14.56
32305,Armageddon Navy Issue,487400000.0,415300000.0,2,1,14.79,515000000.0,450000000.0,3,1,12.62,5.66,8.36,-7.67,24.01
22428,Redeemer,1379000000.0,1271000000.0,1,4,7.83,1349000000.0,1233000000.0,1,1,8.6,-2.18,-2.99,-10.59,6.14
28659,Paladin,1438000000.0,1247000000.0,1,1,13.28,1532000000.0,1356000000.0,1,1,11.49,6.54,8.74,-5.7,22.85
638,Raven,333900000.0,306000000.0,1,1,8.36,375000000.0,289100000.0,1,1,22.91,12.31,-5.52,-13.42,22.55
17636,Raven Navy Issue,534000000.0,490700000.0,1,1,8.11,549000000.0,460400000.0,1,1,16.14,2.81,-6.17,-13.78,11.88
24688,Rokh,360000000.0,263600000.0,1,1,26.78,368800000.0,279000000.0,1,4,24.35,2.44,5.84,-22.5,39.91
640,Scorpion,279900000.0,247600000.0,1,1,11.54,277700000.0,219400000.0,2,1,20.99,-0.79,-11.39,-21.61,12.16
32309,Scorpion Navy Issue,549700000.0,498000000.0,1,1,9.41,667100000.0,512400000.0,1,1,23.19,21.36,2.89,-6.79,33.96
22436,Widow,1275000000.0,1184000000.0,1,1,7.14,1388000000.0,1205000000.0,1,1,13.18,8.86,1.77,-5.49,17.23
28710,Golem,1453000000.0,1343000000.0,1,1,7.57,1435000000.0,1286000000.0,1,1,10.38,-1.24,-4.24,-11.49,6.85
645,Dominix,325900000.0,296500000.0,1,1,9.02,293900000.0,233200000.0,2,1,20.65,-9.82,-21.35,-28.44,-0.88
32307,Dominix Navy Issue,519100000.0,465700000.0,1,1,10.29,549500000.0,446100000.0,2,1,18.82,5.86,-4.21,-14.06,17.99
24690,Hyperion,352600000.0,326200000.0,1,1,7.49,388800000.0,335100000.0,1,1,13.81,10.27,2.73,-4.96,19.19
641,Megathron,348600000.0,312200000.0,2,1,10.44,329100000.0,308600000.0,1,2,6.23,-5.59,-1.15,-11.47,5.41
17728,Megathron Navy Issue,524500000.0,452700000.0,1,1,13.69,517000000.0,487100000.0,1,1,5.78,-1.43,7.6,-7.13,14.2
22430,Sin,1245000000.0,1099000000.0,6,1,11.73,1233000000.0,995100000.0,1,1,19.29,-0.96,-9.45,-20.07,12.19
28661,Kronos,1437000000.0,1316000000.0,1,1,8.42,1445000000.0,1270000000.0,1,1,12.11,0.56,-3.5,-11.62,9.8
24694,Maelstrom,353800000.0,285100000.0,1,3,19.42,355000000.0,311000000.0,1,1,12.39,0.34,9.08,-12.1,24.52
639,Tempest,319000000.0,318900000.0,9,1,0.03,359000000.0,250000000.0,1,2,30.36,12.54,-21.61,-21.63,12.57
17732,Tempest Fleet Issue,484400000.0,465000000.0,1,2,4.0,457000000.0,376600000.0,2,1,17.59,-5.66,-19.01,-22.25,-1.72
644,Typhoon,376800000.0,331500000.0,2,2,12.02,370000000.0,232100000.0,2,1,37.27,-1.8,-29.98,-38.4,11.61
32311,Typhoon Fleet Issue,499400000.0,340100000.0,1,1,31.9,540000000.0,451000000.0,1,1,16.48,8.13,32.61,-9.69,58.78
22440,Panther,1234000000.0,1170000000.0,7,1,5.19,1184000000.0,1079000000.0,1,1,8.87,-4.05,-7.78,-12.56,1.2
28665,Vargur,1454000000.0,1391000000.0,1,1,4.33,1406000000.0,1199000000.0,1,1,14.72,-3.3,-13.8,-17.54,1.08
54733,Thunderchild,1070000000.0,1001000000.0,2,1,6.45,1394000000.0,1081000000.0,1,1,22.45,30.28,7.99,1.03,39.26
47271,Leshak,578700000.0,533000000.0,1,1,7.9,617300000.0,540300000.0,1,1,12.47,6.67,1.37,-6.64,15.82
33820,Barghest,1192000000.0,971800000.0,1,1,18.47,1342000000.0,1150000000.0,1,1,14.31,12.58,18.34,-3.52,38.09
17920,Bhaalgorn,1025000000.0,951300000.0,1,1,7.19,1040000000.0,709300000.0,1,1,31.8,1.46,-25.44,-30.8,9.32
17738,Machariel,902700000.0,801300000.0,1,1,11.23,998100000.0,748400000.0,1,1,25.02,10.57,-6.6,-17.09,24.56
33472,Nestor,1111000000.0,982300000.0,1,1,11.58,1200000000.0,1082000000.0,1,1,9.83,8.01,10.15,-2.61,22.16
17736,Nightmare,1090000000.0,1026000000.0,1,1,5.87,1259000000.0,1100000000.0,1,1,12.63,15.5,7.21,0.92,22.71
17918,Rattlesnake,955000000.0,842900000.0,4,2,11.74,1090000000.0,800700000.0,1,1,26.54,14.14,-5.01,-16.16,29.32
17740,Vindicator,1281000000.0,1089000000.0,1,1,14.99,1331000000.0,1177000000.0,1,1,11.57,3.9,8.08,-8.12,22.22
47466,Praxis,196000000.0,180200000.0,1,1,8.06,211600000.0,188500000.0,1,2,10.92,7.96,4.61,-3.83,17.43
44996,Marshal,11040000000.0,10070000000.0,1,3,8.79,13900000000.0,8289000000.0,1,1,40.37,25.91,-17.69,-24.92,38.03
28352,Rorqual,,5203000000.0,0,1,,,3721000000.0,0,1,,,-28.48,,
34328,Bowhead,2189000000.0,1937000000.0,1,1,11.51,2267000000.0,1825000000.0,1,1,19.5,3.56,-5.78,-16.63,17.04
23919,Aeon,,,0,0,,,263800000.0,0,1,,,,,
23757,Archon,,2504000000.0,0,1,,,2571000000.0,0,1,,,2.68,,
23915,Chimera,,2947000000.0,0,1,,,2544000000.0,0,1,,,-13.67,,
23917,Wyvern,,90000000.0,0,1,,,154500000.0,0,1,,,71.67,,
23913,Nyx,,18500000000.0,0,1,,,332000000.0,0,1,,,-98.21,,
23911,Thanatos,,2882000000.0,0,1,,,2511000000.0,0,1,,,-12.87,,
42132,Vanguard,,,0,0,,,,0,0,,,,,
42125,Vendetta,,333300000.0,0,1,,,606800000.0,0,1,,,82.06,,
22852,Hel,,1000.0,0,1,,,491800000.0,0,1,,,49179900.0,,
24483,Nidhoggur,,3104000000.0,0,1,,,2703000000.0,0,1,,,-12.92,,
3514,Revenant,,80000000.0,0,1,,,275900000.0,0,1,,,244.88,,
19720,Revelation,,2956000000.0,0,1,,,1941000000.0,0,1,,,-34.34,,
73790,Revelation Navy Issue,,3703000000.0,0,1,,,1268000000.0,0,1,,,-65.76,,
77283,Bane,,28880000.0,0,1,,,,0,0,,,,,
19726,Phoenix,,2536000000.0,0,1,,,3057000000.0,0,1,,,20.54,,
73793,Phoenix Navy Issue,,3552000000.0,0,1,,,1253000000.0,0,1,,,-64.72,,
77284,Karura,,28880000.0,0,1,,,,0,0,,,,,
764,Moros,,,0,0,,,,0,0,,,,,
73792,Moros Navy Issue,,3000000000.0,0,1,,,1232000000.0,0,1,,,-58.93,,
77281,Hubris,,28880000.0,0,1,,,,0,0,,,,,
765,Naglfar,,,0,0,,,,0,0,,,,,
73787,Naglfar Fleet Issue,,2518000000.0,0,1,,,632200000.0,0,1,,,-74.89,,
77288,Valravn,,28880000.0,0,1,,,,0,0,,,,,
45647,Caiman,,88880000.0,0,1,,,387400000.0,0,1,,,335.87,,
42243,Chemosh,,98270000.0,0,1,,,346800000.0,0,1,,,252.91,,
42124,Vehement,,89050000.0,0,1,,,415500000.0,0,1,,,366.59,,
52907,Zirnitra,,5629000000.0,0,1,,,570300000.0,0,1,,,-89.87,,
37604,Apostle,,2571000000.0,0,1,,,3673000000.0,0,1,,,42.86,,
37605,Minokawa,,4000000000.0,0,1,,,3851000000.0,0,1,,,-3.72,,
45645,Loggerhead,,1.0,0,10,,,,0,0,,,,,
37607,Ninazu,,2541000000.0,0,1,,,2647000000.0,0,1,,,4.17,,
42133,Venerable,,,0,0,,,,0,0,,,,,
37606,Lif,,0.01,0,10000,,,2694000000.0,0,1,,,26939999999900.0,,
42242,Dagon,,,0,0,,,,0,0,,,,,
20183,Providence,2600000000.0,2417000000.0,1,1,7.04,2887000000.0,2434000000.0,1,1,15.69,11.04,0.7,-6.38,19.45
20185,Charon,2315000000.0,2155000000.0,1,2,6.91,2400000000.0,2112000000.0,1,1,12.0,3.67,-2.0,-8.77,11.37
20187,Obelisk,2486000000.0,2279000000.0,1,1,8.33,2463000000.0,2168000000.0,1,1,11.98,-0.93,-4.87,-12.79,8.07
20189,Fenrir,2213000000.0,1983000000.0,1,1,10.39,2595000000.0,1715000000.0,1,1,33.91,17.26,-13.51,-22.5,30.86
28850,Ark,9721000000.0,8128000000.0,1,1,16.39,10590000000.0,7251000000.0,1,1,31.53,8.94,-10.79,-25.41,30.29
28844,Rhea,9939000000.0,9001000000.0,1,1,9.44,10000000000.0,6678000000.0,1,1,33.22,0.61,-25.81,-32.81,11.1
28848,Anshar,9729000000.0,8301000000.0,1,1,14.68,10490000000.0,7104000000.0,1,1,32.28,7.82,-14.42,-26.98,26.37
28846,Nomad,9298000000.0,6012000000.0,1,1,35.34,9951000000.0,7209000000.0,1,1,27.56,7.02,19.91,-22.47,65.52
11567,Avatar,,299900000.0,0,1,,,284800000.0,0,1,,,-5.04,,
671,Erebus,,299200000.0,0,1,,,283800000.0,0,1,,,-5.15,,
45649,Komodo,,254500.0,0,1,,,,0,0,,,,,
3764,Leviathan,,248400000.0,0,1,,,283400000.0,0,1,,,14.09,,
42241,Molok,,555500.0,0,1,,,,0,0,,,,,
23773,Ragnarok,,339000000.0,0,1,,,283400000.0,0,1,,,-16.4,,
42126,Vanquisher,,450000000.0,0,1,,,,0,0,,,,,
578,Multispectum Shield Hardener I,159000.0,121200.0,47,289,23.77,234700.0,120500.0,14,39,48.66,47.61,-0.58,-24.21,93.65
54291,Enduring Multispectum Shield Hardener,114200.0,67970.0,87,198,40.48,104300.0,104200.0,1,494,0.1,-8.67,53.3,-8.76,53.45
9632,Compact Multispectum Shield Hardener,179000.0,166900.0,653,1528,6.76,349400.0,188500.0,19,112,46.05,95.2,12.94,5.31,109.35
2281,Multispectum Shield Hardener II,2727000.0,2485000.0,90,28,8.87,2978000.0,2406000.0,19,70,19.21,9.2,-3.18,-11.77,19.84
17498,Caldari Navy Multispectum Shield Hardener,397000000.0,353300000.0,2,1,11.01,435700000.0,380600000.0,1,1,12.65,9.75,7.73,-4.13,23.32
13998,Domination Multispectum Shield Hardener I,140900000.0,131500000.0,1,1,6.67,167200000.0,140300000.0,1,1,16.09,18.67,6.69,-0.43,27.15
13969,Dread Guristas Multispectum Shield Hardener,204600000.0,190600000.0,1,1,6.84,210500000.0,205200000.0,1,1,2.52,2.88,7.66,0.29,10.44
20637,'Posse' Multispectum Shield Hardener I,75000000.0,59010000.0,1,2,21.32,100900000.0,52110000.0,1,1,48.35,34.53,-11.69,-30.52,70.99
4346,Gistum A-Type Multispectum Shield Hardener,889000000.0,808500000.0,1,1,9.06,919900000.0,791500000.0,1,1,13.96,3.48,-2.1,-10.97,13.78
4345,Gistum B-Type Multispectum Shield Hardener,404400000.0,371500000.0,1,1,8.14,435500000.0,361800000.0,1,1,16.92,7.69,-2.61,-10.53,17.23
2050,Gistum C-Type Multispectum Shield Hardener,289900000.0,268000000.0,1,2,7.55,299800000.0,263600000.0,6,1,12.07,3.41,-1.64,-9.07,11.87
4347,Pithum A-Type Multispectum Shield Hardener,1001000000.0,954300000.0,1,1,4.67,1200000000.0,896800000.0,1,1,25.27,19.88,-6.03,-10.41,25.75
4348,Pithum B-Type Multispectum Shield Hardener,551900000.0,508800000.0,1,1,7.81,718600000.0,570400000.0,1,1,20.62,30.2,12.11,3.35,41.23
4349,Pithum C-Type Multispectum Shield Hardener,316500000.0,291000000.0,3,1,8.06,326400000.0,281000000.0,1,2,13.91,3.13,-3.44,-11.22,12.16
14767,Estamel's Modified Multispectum Shield Hardener,118600000000.0,60000000000.0,1,1,49.41,,0.09,0,10000,,,-100.0,-100.0,
14764,Kaikka's Modified Multispectum Shield Hardener,2860000000.0,1727000000.0,2,1,39.62,,0.09,0,10000,,,-100.0,-100.0,
14765,Thon's Modified Multispectum Shield Hardener,2500000000.0,1743000000.0,2,1,30.28,,0.09,0,10000,,,-100.0,-100.0,
14766,Vepas' Modified Multispectum Shield Hardener,39980000000.0,20000000000.0,1,1,49.97,,0.09,0,10000,,,-100.0,-100.0,
2293,EM Shield Hardener,125000.0,66000.0,41,4998,47.2,180600.0,66710.0,40,876,63.06,44.48,1.08,-46.63,173.64
30420,Civilian EM Shield Hardener,290000.0,20630.0,1,15,92.89,29860.0,1322.0,3,486,95.57,-89.7,-93.59,-99.54,44.74
54292,Enduring EM Shield Hardener,49790.0,23160.0,67,68,53.48,112700.0,45740.0,22,959,59.41,126.35,97.5,-8.13,386.61
9622,Compact EM Shield Hardener,46980.0,13980.0,57,4528,70.24,45500.0,41420.0,12,149,8.97,-3.15,196.28,-11.83,225.46
2301,EM Shield Hardener II,2168000.0,1848000.0,5,23,14.76,2243000.0,1980000.0,5,24,11.73,3.46,7.14,-8.67,21.37
20639,'Poacher' EM Shield Hardener,8780000.0,5414000.0,4,2,38.34,28970000.0,2091000.0,1,2,92.78,229.95,-61.38,-76.18,435.09
17499,Caldari Navy EM Shield Hardener,39980000.0,31050000.0,1,2,22.34,43750000.0,19350000.0,6,1,55.77,9.43,-37.68,-51.6,40.9
13994,Domination EM Shield Hardener,10930000.0,6241000.0,2,10,42.9,19950000.0,4550000.0,6,3,77.19,82.53,-27.1,-58.37,219.66
13965,Dread Guristas EM Shield Hardener,12880000.0,11360000.0,2,14,11.8,15000000.0,197800.0,1,1,98.68,16.46,-98.26,-98.46,32.04
19279,Gist A-Type EM Shield Hardener,67200000.0,46270000.0,1,1,31.15,91850000.0,49730000.0,1,2,45.86,36.68,7.48,-26.0,98.51
19265,Gist B-Type EM Shield Hardener,43820000.0,39820000.0,1,1,9.13,63900000.0,30440000.0,1,3,52.36,45.82,-23.56,-30.53,60.47
19263,Gist C-Type EM Shield Hardener,40500000.0,30560000.0,1,3,24.54,47990000.0,29580000.0,1,1,38.36,18.49,-3.21,-26.96,57.04
19281,Gist X-Type EM Shield Hardener,89890000.0,82010000.0,3,2,8.77,95570000.0,69610000.0,1,1,27.16,6.32,-15.12,-22.56,16.53
19280,Pith A-Type EM Shield Hardener,68900000.0,51530000.0,1,4,25.21,92870000.0,51610000.0,1,3,44.43,34.79,0.16,-25.09,80.23
19266,Pith B-Type EM Shield Hardener,52500000.0,46000000.0,1,3,12.38,67830000.0,35100000.0,2,3,48.25,29.2,-23.7,-33.14,47.46
19264,Pith C-Type EM Shield Hardener,49630000.0,39390000.0,1,1,20.63,51500000.0,14010000.0,1,1,72.8,3.77,-64.43,-71.77,30.74
19282,Pith X-Type EM Shield Hardener,139800000.0,128000000.0,1,3,8.44,135000000.0,108300000.0,1,1,19.78,-3.43,-15.39,-22.53,5.47
14755,Estamel's Modified EM Shield Hardener,,3705000000.0,0,1,,,0.09,0,10000,,,-100.0,,
14752,Kaikka's Modified EM Shield Hardener,249900000.0,131100000.0,1,2,47.54,,0.09,0,10000,,,-100.0,-100.0,
14753,Thon's Modified EM Shield Hardener,949900000.0,329100000.0,1,1,65.35,,0.09,0,10000,,,-100.0,-100.0,
14754,Vepas' Modified EM Shield Hardener,,53140000.0,0,2,,,0.09,0,10000,,,-100.0,,
2289,Explosive Shield Hardener,130300.0,30750.0,3,84,76.4,98000.0,9001.0,1,997,90.82,-24.79,-70.73,-93.09,218.7
30422,Civilian Explosive Shield Hardener,50000.0,150.0,1,18,99.7,94650.0,108.5,25,99,99.89,89.3,-27.67,-99.78,63000.0
54293,Enduring Explosive Shield Hardener,50660.0,14320.0,1,9737,71.73,54730.0,43780.0,1,213,20.01,8.03,205.73,-13.58,282.19
9646,Compact Explosive Shield Hardener,41750.0,27770.0,1,748,33.49,189900000.0,41110.0,2,909,99.98,454750.3,48.04,-1.53,683731.47
2297,Explosive Shield Hardener II,1330000.0,1163000.0,26,7,12.56,1799000.0,1313000.0,55,96,27.02,35.26,12.9,-1.28,54.69
20641,'Snake Eyes' Explosive Shield Hardener,3000000.0,416500.0,3,4,86.12,10000000.0,1500000.0,1,2,85.0,233.33,260.14,-50.0,2300.96
17496,Caldari Navy Explosive Shield Hardener,5137000.0,801600.0,2,4,84.4,15000000.0,709300.0,1,8,95.27,192.0,-11.51,-86.19,1771.26
13996,Domination Explosive Shield Hardener,546200.0,67310.0,1,33,87.68,1299000.0,113300.0,1,2,91.28,137.82,68.33,-79.26,1829.88
13967,Dread Guristas Explosive Shield Hardener,299700.0,55130.0,12,33,81.6,28000000.0,17000.0,21,20,99.94,9242.68,-69.16,-94.33,50689.04
19275,Gist A-Type Explosive Shield Hardener,4370000.0,1412000.0,1,3,67.69,24990000.0,1211000.0,2,7,95.15,471.85,-14.24,-72.29,1669.83
19269,Gist B-Type Explosive Shield Hardener,1780000.0,842600.0,1,20,52.66,4999000.0,213000.0,1,5,95.74,180.84,-74.72,-88.03,493.28
19259,Gist C-Type Explosive Shield Hardener,1393000.0,811000.0,2,4,41.78,7980000.0,210000.0,2,20,97.37,472.86,-74.11,-84.92,883.97
19285,Gist X-Type Explosive Shield Hardener,5642000.0,2601000.0,4,9,53.9,6500000.0,1661000.0,1,1,74.45,15.21,-36.14,-70.56,149.9
19276,Pith A-Type Explosive Shield Hardener,6344000.0,2850000.0,1,1,55.08,7500000.0,900600.0,1,5,87.99,18.22,-68.4,-85.8,163.16
19270,Pith B-Type Explosive Shield Hardener,935500.0,508800.0,1,13,45.61,8994000.0,180100.0,1,1,98.0,861.41,-64.6,-80.75,1667.69
19260,Pith C-Type Explosive Shield Hardener,1993000.0,340700.0,2,1,82.91,8800000.0,102100.0,2,1,98.84,341.55,-70.03,-94.88,2482.92
19286,Pith X-Type Explosive Shield Hardener,1972000.0,1531000.0,3,32,22.36,4641000.0,2042000.0,1,3,56.0,135.34,33.38,3.55,203.14
14759,Estamel's Modified Explosive Shield Hardener,2499000000.0,706100000.0,1,1,71.74,,0.09,0,10000,,,-100.0,-100.0,
14756,Kaikka's Modified Explosive Shield Hardener,350000000.0,125400000.0,1,1,64.17,,0.09,0,10000,,,-100.0,-100.0,
14757,Thon's Modified Explosive Shield Hardener,123000000.0,50110000.0,1,1,59.26,,45410.0,0,1,,,-99.91,-99.96,
14758,Vepas' Modified Explosive Shield Hardener,333400000.0,89850000.0,1,1,73.05,,0.09,0,10000,,,-100.0,-100.0,
2291,Kinetic Shield Hardener,76710.0,14610.0,1,994,80.95,132300.0,36710.0,26,999,72.25,72.47,151.27,-52.14,805.54
30424,Civilian Kinetic Shield Hardener,2999.0,117.2,1,404,96.09,49790.0,1000.0,9,99,97.99,1560.22,753.24,-66.66,42382.94
54294,Enduring Kinetic Shield Hardener,5491.0,1085.0,244,41,80.24,145600.0,4907.0,1,417,96.63,2551.61,352.26,-10.64,13319.35
9608,Compact Kinetic Shield Hardener,5291.0,2121.0,15,587,59.91,7848.0,4703.0,6,232,40.07,48.33,121.74,-11.11,270.01
2299,Kinetic Shield Hardener II,1757000.0,1518000.0,1,10,13.6,1475000.0,779300.0,1,50,47.17,-16.05,-48.66,-55.65,-2.83
20633,'Nugget' Kinetic Shield Hardener,3200000.0,1154000.0,1,3,63.94,11940000.0,0.09,2,10000,100.0,273.12,-100.0,-100.0,934.66
17495,Caldari Navy Kinetic Shield Hardener,8732000.0,5031000.0,7,4,42.38,10950000.0,1120000.0,2,5,89.77,25.4,-77.74,-87.17,117.65
13997,Domination Kinetic Shield Hardener,1394000.0,700700.0,1,2,49.73,,1059000.0,0,2,,,51.13,-24.03,
13968,Dread Guristas Kinetic Shield Hardener,2996000.0,1800000.0,1,7,39.92,24690000.0,1008000.0,1,3,95.92,724.1,-44.0,-66.36,1271.67
19273,Gist A-Type Kinetic Shield Hardener,9390000.0,5827000.0,1,1,37.94,18000000.0,9120000.0,22,4,49.33,91.69,56.51,-2.88,208.91
19271,Gist B-Type Kinetic Shield Hardener,3900000.0,2008000.0,4,4,48.51,5047000.0,500000.0,2,7,90.09,29.41,-75.1,-87.18,151.34
19257,Gist C-Type Kinetic Shield Hardener,3381000.0,2261000.0,3,2,33.13,8997000.0,701400.0,2,8,92.2,166.1,-68.98,-79.25,297.92
19287,Gist X-Type Kinetic Shield Hardener,9697000.0,7939000.0,8,12,18.13,11820000.0,2599000.0,1,5,78.01,21.89,-67.26,-73.2,48.89
19274,Pith A-Type Kinetic Shield Hardener,15390000.0,10500000.0,1,5,31.77,19070000.0,8603000.0,2,10,54.89,23.91,-18.07,-44.1,81.62
19272,Pith B-Type Kinetic Shield Hardener,5588000.0,4156000.0,1,1,25.63,9948000.0,1101000.0,2,6,88.93,78.02,-73.51,-80.3,139.36
19258,Pith C-Type Kinetic Shield Hardener,2989000.0,305200.0,1,13,89.79,3000000.0,101.0,1,100,100.0,0.37,-99.97,-100.0,882.96
19288,Pith X-Type Kinetic Shield Hardener,19080000.0,16420000.0,2,2,13.94,19500000.0,8716000.0,2,10,55.3,2.2,-46.92,-54.32,18.76
14751,Estamel's Modified Kinetic Shield Hardener,999000000.0,652600000.0,1,1,34.67,,0.09,0,10000,,,-100.0,-100.0,
14748,Kaikka's Modified Kinetic Shield Hardener,155200000.0,121300000.0,1,2,21.84,,0.09,0,10000,,,-100.0,-100.0,
14749,Thon's Modified Kinetic Shield Hardener,186400000.0,78350000.0,1,2,57.97,,0.09,0,10000,,,-100.0,-100.0,
14750,Vepas' Modified Kinetic Shield Hardener,227200000.0,105000000.0,1,1,53.79,,0.09,0,10000,,,-100.0,-100.0,
2295,Thermal Shield Hardener,134600.0,40590.0,1,100,69.84,137500.0,88710.0,19,65,35.48,2.15,118.55,-34.09,238.75
30342,Civilian Thermal Shield Hardener,21300.0,101.8,1,983,99.52,24900.0,15.1,1,996,99.94,16.9,-85.17,-99.93,24359.72
54295,Enduring Thermal Shield Hardener,48910.0,25790.0,4,734,47.27,99870.0,43080.0,40,522,56.86,104.19,67.04,-11.92,287.24
9660,Compact Thermal Shield Hardener,48800.0,15290.0,3,9612,68.67,52970.0,42030.0,28,35,20.65,8.55,174.89,-13.87,246.44
2303,Thermal Shield Hardener II,1900000.0,654100.0,1,49,65.57,2114000.0,1573000.0,4,64,25.59,11.26,140.48,-17.21,223.19
20635,'Desert Heat' Thermal Shield Hardener,3992000.0,2741000.0,1,1,31.34,18000000.0,300000.0,1,3,98.33,350.9,-89.06,-92.48,556.69
17497,Caldari Navy Thermal Shield Hardener,18800000.0,12350000.0,1,1,34.31,47200000.0,14030000.0,1,2,70.28,151.06,13.6,-25.37,282.19
13995,Domination Thermal Shield Hardener,2625000.0,716100.0,6,19,72.72,9895000.0,1483000.0,2,3,85.01,276.95,107.09,-43.5,1281.79
13966,Dread Guristas Thermal Shield Hardener,7980000.0,5265000.0,1,13,34.02,19990000.0,4065000.0,2,5,79.66,150.5,-22.79,-49.06,279.68
19277,Gist A-Type Thermal Shield Hardener,16200000.0,12000000.0,1,1,25.93,69990000.0,11240000.0,2,5,83.94,332.04,-6.33,-30.62,483.25
19267,Gist B-Type Thermal Shield Hardener,6699000.0,4523000.0,1,9,32.48,39970000.0,3447000.0,2,3,91.38,496.66,-23.79,-48.54,783.71
19261,Gist C-Type Thermal Shield Hardener,8185000.0,5506000.0,1,2,32.73,9990000.0,1010000.0,5,5,89.89,22.05,-81.66,-87.66,81.44
19283,Gist X-Type Thermal Shield Hardener,13850000.0,12880000.0,1,14,7.0,23640000.0,11200000.0,1,10,52.62,70.69,-13.04,-19.13,83.54
19278,Pith A-Type Thermal Shield Hardener,15700000.0,7800000.0,2,1,50.32,15500000.0,11900000.0,1,1,23.23,-1.27,52.56,-24.2,98.72
19268,Pith B-Type Thermal Shield Hardener,6999000.0,4974000.0,3,2,28.93,11390000.0,7003000.0,2,1,38.52,62.74,40.79,0.06,128.99
19262,Pith C-Type Thermal Shield Hardener,7975000.0,3057000.0,2,5,61.67,12000000.0,6939000.0,1,2,42.18,50.47,126.99,-12.99,292.54
19284,Pith X-Type Thermal Shield Hardener,24800000.0,21590000.0,7,3,12.94,28500000.0,14050000.0,1,2,50.7,14.92,-34.92,-43.35,32.01
14763,Estamel's Modified Thermal Shield Hardener,2282000000.0,1201000000.0,1,1,47.37,,0.09,0,10000,,,-100.0,-100.0,
14760,Kaikka's Modified Thermal Shield Hardener,245800000.0,111200000.0,1,1,54.76,,0.09,0,10000,,,-100.0,-100.0,
14761,Thon's Modified Thermal Shield Hardener,200000000.0,41470000.0,1,1,79.27,,45410.0,0,1,,,-99.89,-99.98,
14762,Vepas' Modified Thermal Shield Hardener,253000000.0,23510000.0,1,1,90.71,,0.09,0,10000,,,-100.0,-100.0,
41516,Capital Flex Shield Hardener I,60170000.0,44110000.0,1,1,26.69,53000000.0,4004000.0,4,3,92.45,-11.92,-90.92,-93.35,20.15
41528,Capital Flex Shield Hardener II,117800000.0,83130000.0,4,1,29.43,175500000.0,35070000.0,1,1,80.02,48.98,-57.81,-70.23,111.12
41531,Domination Capital Flex Shield Hardener,1900000000.0,302800000.0,1,1,84.06,,0.09,0,10000,,,-100.0,-100.0,
41530,Dread Guristas Capital Flex Shield Hardener,900000000.0,236600000.0,1,1,73.71,,0.09,0,10000,,,-100.0,-100.0,
41529,True Sansha Capital Flex Shield Hardener,999000000.0,239000000.0,2,1,76.08,,15000000.0,0,2,,,-93.72,-98.5,
1254,Shield Flux Coil I,17280.0,2096.0,75,994,87.87,9724.0,103.0,55,5,98.94,-43.73,-95.09,-99.4,363.93
8297,Mark I Compact Shield Flux Coil,2000.0,1131.0,21,782,43.45,9500.0,1840.0,2,84,80.63,375.0,62.69,-8.0,739.96
8295,Type-D Restained Shield Flux Coil,6990.0,813.6,39,23,88.36,2097.0,1018.0,2,317,51.45,-70.0,25.12,-85.44,157.74
1256,Shield Flux Coil II,741100.0,510900.0,22,58,31.06,811900.0,467700.0,43,13,42.39,9.55,-8.46,-36.89,58.92
508,'Basic' Shield Flux Coil,3999000.0,1241000.0,6,12,68.97,16100000.0,10360.0,1,3,99.94,302.6,-99.17,-99.74,1197.34
37825,Dread Guristas Shield Flux Coil,100000.0,1460.0,1,1980,98.54,6490000.0,21420.0,3,22,99.67,6390.0,1367.12,-78.58,444420.55
2331,Shield Power Relay,34660.0,16140.0,84,94,53.43,37700.0,7638.0,230,484,79.74,8.77,-52.68,-77.96,133.58
8337,Mark I Compact Shield Power Relay,2824.0,750.0,76,596,73.44,75100.0,103.3,4,984,99.86,2559.35,-86.23,-96.34,9913.33
8335,Type-D Restrained Shield Power Relay,19720.0,1270.0,74,476,93.56,189900000.0,500.0,2,1000,100.0,962881.74,-60.63,-97.46,14952655.91
1422,Shield Power Relay II,540400.0,540000.0,2,42,0.07,816000.0,292100.0,63,124,64.2,51.0,-45.91,-45.95,51.11
1419,'Basic' Shield Power Relay,5948000.0,2523000.0,5,4,57.58,20000000.0,5118000.0,1,2,74.41,236.25,102.85,-13.95,692.71
37820,Caldari Navy Shield Power Relay,21450000.0,20100000.0,13,5,6.29,25690000.0,20390000.0,2,1,20.63,19.77,1.44,-4.94,27.81
393,Shield Recharger I,31240.0,8017.0,51,514,74.34,64710.0,7608.0,10,48,88.24,107.14,-5.1,-75.65,707.16
6485,M51 Benefactor Compact Shield Recharger,3280.0,1064.0,1,486,67.56,2901.0,2900.0,1,12,0.03,-11.55,172.56,-11.59,172.65
394,Shield Recharger II,542900.0,338500.0,55,4,37.65,568900.0,70030.0,73,2,87.69,4.79,-79.31,-87.1,68.06
37805,Republic Fleet Shield Recharger,23240000.0,20880000.0,2,1,10.15,29970000.0,15520000.0,1,2,48.21,28.96,-25.67,-33.22,43.53
1808,EM Shield Amplifier I,39960.0,25000.0,44,172,37.44,47400.0,7783.0,71,474,83.58,18.62,-68.87,-80.52,89.6
9580,Compact EM Shield Amplifier,44950.0,32190.0,671,452,28.39,175800.0,12570.0,21,2,92.85,291.1,-60.95,-72.04,446.13
2553,EM Shield Amplifier II,986100.0,829600.0,408,13,15.87,1158000.0,872800.0,5,71,24.63,17.43,5.21,-11.49,39.59
1798,'Basic' EM Shield Amplifier,49860000.0,25100000.0,5,1,49.66,89770000.0,25980000.0,1,1,71.06,80.04,3.51,-47.89,257.65
20611,'Prospector' EM Shield Amplifier,6605000.0,3604000.0,5,4,45.44,10560000.0,5201000.0,3,1,50.75,59.88,44.31,-21.26,193.01
15909,Caldari Navy EM Shield Amplifier,15970000.0,13080000.0,1,1,18.1,40400000.0,13640000.0,1,1,66.24,152.97,4.28,-14.59,208.87
15917,Republic Fleet EM Shield Amplifier,27920000.0,12110000.0,3,1,56.63,,10920000.0,0,1,,,-9.83,-60.89,
14041,Domination EM Shield Amplifier,32730000.0,19850000.0,2,4,39.35,29290000.0,17590000.0,5,1,39.95,-10.51,-11.39,-46.26,47.56
14043,Dread Guristas EM Shield Amplifier,6280000.0,4510000.0,8,5,28.18,6500000.0,4018000.0,1,5,38.18,3.5,-10.91,-36.02,44.12
19255,Gistum A-Type EM Shield Amplifier,47700000.0,42710000.0,1,1,10.46,71000000.0,20000000.0,1,6,71.83,48.85,-53.17,-58.07,66.24
19247,Gistum B-Type EM Shield Amplifier,10150000.0,8889000.0,1,1,12.42,86990000.0,8102000.0,1,2,90.69,757.04,-8.85,-20.18,878.63
19245,Gistum C-Type EM Shield Amplifier,18000000.0,9224000.0,2,17,48.76,19890000.0,8034000.0,1,1,59.61,10.5,-12.9,-55.37,115.63
19231,Pithum A-Type EM Shield Amplifier,70110000.0,62800000.0,1,3,10.43,84900000.0,49510000.0,1,1,41.68,21.1,-21.16,-29.38,35.19
19233,Gistum C-Type Explosive Shield Amplifier,150000.0,41800.0,1,87,72.13,4990000.0,100.9,5,100,100.0,3226.67,-99.76,-99.93,11837.8
19215,Pithum C-Type EM Shield Amplifier,7000000.0,5874000.0,2,20,16.09,9742000.0,4411000.0,2,4,54.72,39.17,-24.91,-36.99,65.85
14746,Estamel's Modified EM Shield Amplifier,6492000000.0,3596000000.0,1,1,44.61,,112100.0,0,5,,,-100.0,-100.0,
14630,Hakim's Modified EM Shield Amplifier,250900000.0,172100000.0,1,1,31.41,,0.09,0,10000,,,-100.0,-100.0,
14740,Kaikka's Modified EM Shield Amplifier,270700000.0,93000000.0,1,1,65.64,,0.09,0,10000,,,-100.0,-100.0,
14742,Thon's Modified EM Shield Amplifier,449900000.0,85550000.0,1,1,80.98,,0.09,0,10000,,,-100.0,-100.0,
14634,Tobias' Modified EM Shield Amplifier,4600000000.0,18260000.0,1,1,99.6,,0.09,0,10000,,,-100.0,-100.0,
14744,Vepas' Modified EM Shield Amplifier,1520000000.0,164600000.0,1,1,89.17,,0.09,0,10000,,,-100.0,-100.0,
2529,Explosive Shield Amplifier I,48970.0,3071.0,100,996,93.73,43120.0,1290.0,5,1158,97.01,-11.95,-57.99,-97.37,1304.1
9556,Compact Explosive Shield Amplifier,3549.0,3548.0,2,583,0.03,9286.0,4801.0,1,933,48.3,161.65,35.32,35.28,161.72
2531,Explosive Shield Amplifier II,918800.0,658200.0,1,21,28.36,932300.0,300000.0,3,6,67.82,1.47,-54.42,-67.35,41.64
1804,'Basic' Explosive Shield Amplifier,7494000.0,1001.0,4,20,99.99,,0.09,0,9999,,,-99.99,-100.0,
20605,'Whiskey' Explosive Shield Amplifier,2699000.0,139000.0,3,2,94.85,9423000.0,0.09,2,10000,100.0,249.13,-100.0,-100.0,6679.14
15915,Caldari Navy Explosive Shield Amplifier,639900.0,1337.0,1,3,99.79,9400000.0,136600.0,1,5,98.55,1368.98,10116.9,-78.65,702966.57
15923,Republic Fleet Explosive Shield Amplifier,12730000.0,1636.0,1,85,99.99,4442000.0,50000.0,5,5,98.87,-65.11,2956.23,-99.61,271415.89
14029,Domination Explosive Shield Amplifier,3390000.0,700300.0,1,6,79.34,11950000.0,119900.0,20,2,99.0,252.51,-82.88,-96.46,1606.41
14031,Dread Guristas Explosive Shield Amplifier,94460.0,2030.0,1,27,97.85,250000.0,75560.0,2,17,69.78,164.66,3622.17,-20.01,12215.27
19249,Gistum A-Type Explosive Shield Amplifier,2700000.0,1896000.0,2,1,29.78,14900000.0,2040000.0,3,7,86.31,451.85,7.59,-24.44,685.86
19235,Gistum B-Type Explosive Shield Amplifier,413500.0,82550.0,4,88,80.04,4350000.0,260200.0,11,12,94.02,952.0,215.2,-37.07,5169.53
19225,Pithum A-Type Explosive Shield Amplifier,1513000.0,616400.0,3,6,59.26,1500000.0,300700.0,1,14,79.95,-0.86,-51.22,-80.13,143.35
19217,Pithum B-Type Explosive Shield Amplifier,310000.0,1005.0,1,52,99.68,3474000.0,310200.0,2,8,91.07,1020.65,30765.67,0.06,345571.64
19209,Pithum C-Type Explosive Shield Amplifier,70000.0,35190.0,1,676,49.73,101700.0,53210.0,14,18,47.68,45.29,51.21,-23.99,189.0
14722,Estamel's Modified Explosive Shield Amplifier,2964000000.0,174000000.0,1,1,94.13,,0.09,0,10000,,,-100.0,-100.0,
14606,Hakim's Modified Explosive Shield Amplifier,297900000.0,167800000.0,1,1,43.67,,0.09,0,10000,,,-100.0,-100.0,
14716,Kaikka's Modified Explosive Shield Amplifier,69550000.0,14540000.0,1,2,79.09,,0.09,0,10000,,,-100.0,-100.0,
14718,Thon's Modified Explosive Shield Amplifier,86690000.0,47020000.0,1,1,45.76,,0.09,0,10000,,,-100.0,-100.0,
14610,Tobias' Modified Explosive Shield Amplifier,1699000000.0,30060000.0,1,1,98.23,,0.09,0,10000,,,-100.0,-100.0,
14720,Vepas' Modified Explosive Shield Amplifier,354900000.0,120000000.0,1,1,66.19,,0.09,0,10000,,,-100.0,-100.0,
2545,Kinetic Shield Amplifier I,69910.0,2693.0,97,72,96.15,58700.0,2000.0,8,50,96.59,-16.03,-25.73,-97.14,2079.73
9582,Compact Kinetic Shield Amplifier,9174.0,4551.0,263,879,50.39,15610.0,6607.0,38,166,57.67,70.15,45.18,-27.98,243.0
2547,Kinetic Shield Amplifier II,886700.0,526200.0,24,3,40.66,836700.0,526700.0,1,5,37.05,-5.64,0.1,-40.6,59.01
1802,'Basic' Kinetic Shield Amplifier,18800000.0,3521000.0,2,4,81.27,,0.09,0,10000,,,-100.0,-100.0,
20609,'Cactus' Kinetic Shield Amplifier,4000000.0,151200.0,1,7,96.22,5000000.0,500000.0,2,4,90.0,25.0,230.69,-87.5,3206.88
15911,Caldari Navy Kinetic Shield Amplifier,789400.0,206000.0,26,39,73.9,16050000.0,185000.0,4,1,98.85,1933.19,-10.19,-76.56,7691.26
15919,Republic Fleet Kinetic Shield Amplifier,11490000.0,1432000.0,6,10,87.54,12500000.0,0.09,2,9999,100.0,8.79,-100.0,-100.0,772.91
14037,Domination Kinetic Shield Amplifier,10980000.0,1011000.0,1,10,90.79,4999000.0,1447000.0,1,1,71.05,-54.47,43.13,-86.82,394.46
14039,Dread Guristas Kinetic Shield Amplifier,179000.0,21100.0,1,48,88.21,999800.0,71010.0,1,59,92.9,458.55,236.54,-60.33,4638.39
19253,Gistum A-Type Kinetic Shield Amplifier,9455000.0,6517000.0,1,5,31.07,25340000.0,6900000.0,4,5,72.77,168.01,5.88,-27.02,288.83
19243,Gistum B-Type Kinetic Shield Amplifier,992600.0,315000.0,1,6,68.27,6990000.0,300200.0,5,2,95.71,604.21,-4.7,-69.76,2119.05
19241,Gistum C-Type Kinetic Shield Amplifier,1317000.0,753500.0,4,19,42.79,4990000.0,800100.0,2,1,83.97,278.89,6.18,-39.25,562.24
19229,Pithum A-Type Kinetic Shield Amplifier,3767000.0,3189000.0,33,24,15.34,8888000.0,2209000.0,4,2,75.15,135.94,-30.73,-41.36,178.71
19221,Pithum B-Type Kinetic Shield Amplifier,1170000.0,827000.0,3,286,29.32,4840000.0,813100.0,3,8,83.2,313.68,-1.68,-30.5,485.25
19213,Pithum C-Type Kinetic Shield Amplifier,44370.0,44360.0,1,11,0.02,98990.0,50000.0,4,5,49.49,123.1,12.71,12.69,123.15
14738,Estamel's Modified Kinetic Shield Amplifier,1900000000.0,300000000.0,1,1,84.21,,0.09,0,10000,,,-100.0,-100.0,
14622,Hakim's Modified Kinetic Shield Amplifier,275300000.0,59270000.0,1,1,78.47,,0.09,0,10000,,,-100.0,-100.0,
14732,Kaikka's Modified Kinetic Shield Amplifier,76980000.0,33380000.0,1,2,56.64,,0.09,0,10000,,,-100.0,-100.0,
14734,Thon's Modified Kinetic Shield Amplifier,243200000.0,70210000.0,1,1,71.13,,0.09,0,10000,,,-100.0,-100.0,
14626,Tobias' Modified Kinetic Shield Amplifier,,32080000.0,0,1,,,0.09,0,10000,,,-100.0,,
14736,Vepas' Modified Kinetic Shield Amplifier,500000000.0,150000000.0,1,1,70.0,,0.09,0,10000,,,-100.0,-100.0,
2537,Thermal Shield Amplifier I,113400.0,4005.0,100,36,96.47,41530.0,26800.0,23,23,35.47,-63.38,569.16,-76.37,936.95
9568,Compact Thermal Shield Amplifier,10540.0,3032.0,1,968,71.23,32780.0,3786.0,371,984,88.45,211.01,24.87,-64.08,981.13
2539,Thermal Shield Amplifier II,1043000.0,912300.0,140,150,12.53,1030000.0,731400.0,18,30,28.99,-1.25,-19.83,-29.88,12.9
1800,'Basic' Thermal Shield Amplifier,37960000.0,25510000.0,1,1,32.8,56990000.0,1601000.0,1,2,97.19,50.13,-93.72,-95.78,123.4
20608,'High Noon' Thermal Shield Amplifier,,,0,0,,,,0,0,,,,,
15913,Caldari Navy Thermal Shield Amplifier,1672000.0,247000.0,1,9,85.23,14600000.0,550000.0,3,11,96.23,773.21,122.67,-67.11,5810.93
15921,Republic Fleet Thermal Shield Amplifier,11390000.0,1006000.0,1,1,91.17,29950000.0,2057000.0,2,1,93.13,162.95,104.47,-81.94,2877.14
14033,Domination Thermal Shield Amplifier,6497000.0,2652000.0,1,9,59.18,6400000.0,2752000.0,1,2,57.0,-1.49,3.77,-57.64,141.33
14035,Dread Guristas Thermal Shield Amplifier,892800.0,67100.0,16,84,92.48,12000000.0,195400.0,15,1,98.37,1244.09,191.21,-78.11,17783.76
19251,Gistum A-Type Thermal Shield Amplifier,14250000.0,8900000.0,6,1,37.54,34340000.0,9555000.0,2,3,72.18,140.98,7.36,-32.95,285.84
19239,Gistum B-Type Thermal Shield Amplifier,1985000.0,314300.0,4,22,84.17,13770000.0,210200.0,2,3,98.47,593.7,-33.12,-89.41,4281.16
19237,Gistum C-Type Thermal Shield Amplifier,849300.0,668000.0,1,29,21.35,5990000.0,300100.0,5,10,94.99,605.29,-55.07,-64.67,796.71
19227,Pithum A-Type Thermal Shield Amplifier,12040000.0,10980000.0,5,10,8.8,12000000.0,11670000.0,1,1,2.75,-0.33,6.28,-3.07,9.29
19219,Pithum B-Type Thermal Shield Amplifier,4799000.0,3016000.0,4,6,37.15,6087000.0,1509000.0,1,1,75.21,26.84,-49.97,-68.56,101.82
19211,Pithum C-Type Thermal Shield Amplifier,177800.0,99900.0,5,66,43.81,500000.0,80090.0,5,4,83.98,181.21,-19.83,-54.96,400.5
14730,Estamel's Modified Thermal Shield Amplifier,3774000000.0,1145000000.0,1,1,69.66,,0.09,0,10000,,,-100.0,-100.0,
14614,Hakim's Modified Thermal Shield Amplifier,,30870000.0,0,1,,,0.09,0,10000,,,-100.0,,
14724,Kaikka's Modified Thermal Shield Amplifier,199000000.0,31160000.0,1,2,84.34,,0.09,0,10000,,,-100.0,-100.0,
14726,Thon's Modified Thermal Shield Amplifier,139700000.0,51740000.0,1,1,62.96,,10000000.0,0,1,,,-80.67,-92.84,
14618,Tobias' Modified Thermal Shield Amplifier,,15070000.0,0,1,,,0.09,0,10000,,,-100.0,,
14728,Vepas' Modified Thermal Shield Amplifier,,27660000.0,0,2,,,0.09,0,10000,,,-100.0,,
406,Micro Remote Shield Booster II,,,0,0,,,,0,0,,,,,
41480,Small Ancillary Remote Shield Booster,991200.0,648600.0,3,8,34.56,1187000.0,100200.0,3,12,91.56,19.75,-84.55,-89.89,83.01
8535,Small Asymmetric Enduring Remote Shield Booster,77960.0,19070.0,27,999,75.54,97500.0,62010.0,1,225,36.4,25.06,225.17,-20.46,411.27
8531,Small Murky Compact Remote Shield Booster,71000.0,42100.0,3,746,40.7,60110.0,60100.0,1,134,0.02,-15.34,42.76,-15.35,42.78
3586,Small Remote Shield Booster I,18390.0,606.6,21,989,96.7,1500000.0,5000.0,116,26,99.67,8056.61,724.27,-72.81,247179.92
3588,Small Remote Shield Booster II,411800.0,181200.0,25,100,56.0,540000.0,420000.0,57,4,22.22,31.13,131.79,1.99,198.01
8537,Small S95a Scoped Remote Shield Booster,68300.0,21700.0,1,575,68.23,61520.0,61510.0,1,882,0.02,-9.93,183.46,-9.94,183.5
405,'Micro' Remote Shield Booster,19000000.0,6011000.0,1,5,68.36,44980000.0,0.09,2,10000,100.0,136.74,-100.0,-100.0,648.29
19133,Gistii A-Type Small Remote Shield Booster,17960000.0,14660000.0,1,3,18.37,27310000.0,15350000.0,1,5,43.79,52.06,4.71,-14.53,86.29
19131,Gistii B-Type Small Remote Shield Booster,7989000.0,4706000.0,2,1,41.09,21640000.0,3003000.0,2,5,86.12,170.87,-36.19,-62.41,359.84
19129,Gistii C-Type Small Remote Shield Booster,12500000.0,5028000.0,1,2,59.78,11890000.0,3905000.0,1,1,67.16,-4.88,-22.33,-68.76,136.48
19139,Pithi A-Type Small Remote Shield Booster,32710000.0,27430000.0,1,25,16.14,70980000.0,18230000.0,1,3,74.32,117.0,-33.54,-44.27,158.77
19137,Pithi B-Type Small Remote Shield Booster,10500000.0,7527000.0,2,2,28.31,20950000.0,3100000.0,1,5,85.2,99.52,-58.81,-70.48,178.33
19135,Pithi C-Type Small Remote Shield Booster,7999000.0,4085000.0,2,4,48.93,15640000.0,7546000.0,1,1,51.75,95.52,84.72,-5.66,282.86
41481,Medium Ancillary Remote Shield Booster,1497000.0,1049000.0,3,27,29.93,3698000.0,105500.0,1,7,97.15,147.03,-89.94,-92.95,252.53
8583,Medium Asymmetric Enduring Remote Shield Booster,19860.0,11690.0,1674,1590,41.14,50000.0,10100.0,212,175,79.8,151.76,-13.6,-49.14,327.72
8579,Medium Murky Compact Remote Shield Booster,25890.0,12800.0,157,27,50.56,98990.0,10030.0,6,656,89.87,282.35,-21.64,-61.26,673.36
3596,Medium Remote Shield Booster I,19030.0,1026.0,9,1000,94.61,27250.0,3003.0,79,2,88.98,43.19,192.69,-84.22,2555.95
3598,Medium Remote Shield Booster II,895700.0,789200.0,9,2,11.89,899700.0,467700.0,19,40,48.02,0.45,-40.74,-47.78,14.0
8585,Medium S95a Scoped Remote Shield Booster,3619.0,3618.0,2,101,0.03,12490.0,9602.0,2817,11,23.12,245.12,165.4,165.32,245.22
19145,Gistii A-Type Medium Remote Shield Booster,83720000.0,37190000.0,3,2,55.58,115700000.0,53510000.0,1,10,53.75,38.2,43.88,-36.08,211.11
19143,Gistii B-Type Medium Remote Shield Booster,57690000.0,46520000.0,5,6,19.36,71590000.0,37970000.0,2,6,46.96,24.09,-18.38,-34.18,53.89
19141,Gistii C-Type Medium Remote Shield Booster,40110000.0,33620000.0,1,3,16.18,40000000.0,21830000.0,3,1,45.42,-0.27,-35.07,-45.57,18.98
19151,Pithi A-Type Medium Remote Shield Booster,44050000.0,35910000.0,6,4,18.48,53890000.0,30590000.0,2,1,43.24,22.34,-14.81,-30.56,50.07
19149,Pithi B-Type Medium Remote Shield Booster,45940000.0,39350000.0,1,2,14.34,58910000.0,20010000.0,1,2,66.03,28.23,-49.15,-56.44,49.71
19147,Pithi C-Type Medium Remote Shield Booster,19900000.0,18040000.0,1,20,9.35,29990000.0,16020000.0,2,2,46.58,50.7,-11.2,-19.5,66.24
41482,Large Ancillary Remote Shield Booster,3330000.0,2499000.0,8,24,24.95,3350000.0,10050.0,2,1000,99.7,0.6,-99.6,-99.7,34.05
8639,Large Asymmetric Enduring Remote Shield Booster,711600.0,641600.0,12,392,9.84,690000.0,627100.0,2,21,9.12,-3.04,-2.26,-11.87,7.54
8635,Large Murky Compact Remote Shield Booster,659200.0,659100.0,1,365,0.02,736000.0,620300.0,6,195,15.72,11.65,-5.89,-5.9,11.67
3606,Large Remote Shield Booster I,79040.0,1039.0,31,10,98.69,73810.0,46700.0,484,37,36.73,-6.62,4394.71,-40.92,7003.95
3608,Large Remote Shield Booster II,1200000.0,881700.0,8,12,26.52,1832000.0,1178000.0,2,10,35.7,52.67,33.61,-1.83,107.78
8641,Large S95a Scoped Remote Shield Booster,717000.0,637400.0,1,103,11.1,724400.0,656100.0,1,195,9.43,1.03,2.93,-8.49,13.65
41483,Capital Ancillary Remote Shield Booster,44960000.0,28080000.0,4,1,37.54,99990000.0,20500000.0,5,2,79.5,122.4,-26.99,-54.4,256.09
41469,Capital Asymmetric Enduring Remote Shield Booster,63240000.0,51000000.0,10,2,19.35,186300000.0,9000000.0,1,5,95.17,194.59,-82.35,-85.77,265.29
41470,Capital Murky Compact Remote Shield Booster,195500000.0,83420000.0,1,1,57.33,116500000.0,8306000.0,1,3,92.87,-40.41,-90.04,-95.75,39.65
3616,Capital Remote Shield Booster I,44960000.0,26400000.0,1,10,41.28,36110000.0,15000000.0,1,5,58.46,-19.68,-43.18,-66.64,36.78
3618,Capital Remote Shield Booster II,168100000.0,121900000.0,1,1,27.48,250000000.0,160100000.0,1,1,35.96,48.72,31.34,-4.76,105.09
41471,Capital S95a Scoped Remote Shield Booster,80740000.0,28150000.0,1,8,65.14,100000000.0,15000000.0,4,3,85.0,23.85,-46.71,-81.42,255.24
3544,CONCORD Capital Remote Shield Booster,380000000.0,311000000.0,1,1,18.16,550000000.0,31590000.0,2,3,94.26,44.74,-89.84,-91.69,76.85
41474,Domination Capital Remote Shield Booster,497900000.0,305000000.0,2,1,38.74,,0.09,0,10000,,,-100.0,-100.0,
41473,Dread Guristas Capital Remote Shield Booster,348700000.0,128100000.0,1,1,63.26,,0.09,0,10000,,,-100.0,-100.0,
41472,True Sansha Capital Remote Shield Booster,699700000.0,301500000.0,1,1,56.91,750000000.0,1480000.0,1,4,99.8,7.19,-99.51,-99.79,148.76
